Datetime,Open,High,Low,Close,Volume,openinterest
2017-9-1 8:00:00,4689.89,4885.55,4654.88,4834.91,560.666366,
2017-9-2 8:00:00,4796.16,4939.19,4286.87,4472.14,929.148595,
2017-9-3 8:00:00,4508.5,4714.76,4298.33,4509.08,691.216198,
2017-9-4 8:00:00,4505,4527.49,3972.51,4100.11,1394.644614,
2017-9-5 8:00:00,4106.97,4484.99,3603,4366.47,1228.938157,
2017-9-6 8:00:00,4366.49,4662.87,4335.26,4619.77,807.363726,
2017-9-7 8:00:00,4619.77,4788.59,4438.19,4691.61,500.429975,
2017-9-8 8:00:00,4691.66,4735.39,4028.93,4282.8,1132.255046,
2017-9-9 8:00:00,4282.8,4426.62,4150.06,4258.81,658.782952,
2017-9-10 8:00:00,4258.81,4283,3801,4130.37,660.373275,
2017-9-11 8:00:00,4153.62,4334.43,4098.91,4208.47,699.989065,
2017-9-12 8:00:00,4208.6,4394.59,4040.8,4163.72,879.630319,
2017-9-13 8:00:00,4159.72,4165.38,3760,3944.69,913.462545,
2017-9-14 8:00:00,3944,3993,3165.13,3189.02,1665.021543,
2017-9-15 8:00:00,3188.01,3856,2817,3700,1968.866492,
2017-9-16 8:00:00,3674.01,3950,3470.66,3714.95,1297.563953,
2017-9-17 8:00:00,3685.23,3748.21,3499.02,3699.99,682.17121,
2017-9-18 8:00:00,3690,4123.2,3690,4035.01,1030.006455,
2017-9-19 8:00:00,4060,4089.97,3830.91,3910.04,902.332129,
2017-9-20 8:00:00,3910.04,4046.08,3820,3900,720.935076,
2017-9-21 8:00:00,3889.99,3910,3567,3609.99,1001.654084,
2017-9-22 8:00:00,3592.84,3750,3505.55,3595.87,838.966425,
2017-9-23 8:00:00,3595.88,3817.19,3542.91,3780,752.792791,
2017-9-24 8:00:00,3779.54,3789.99,3622.76,3660.02,661.63639,
2017-9-25 8:00:00,3660.02,3979.87,3653.69,3920.75,727.994713,
2017-9-26 8:00:00,3928,3976.99,3850.05,3882.35,526.727987,
2017-9-27 8:00:00,3882.36,4249.94,3872.81,4193,628.170966,
2017-9-28 8:00:00,4192.11,4300,4101,4174.5,849.785325,
2017-9-29 8:00:00,4178.98,4263.86,3952.01,4174.69,1602.309565,
2017-9-30 8:00:00,4175,4380,4138.1,4378.51,720.353183,
2017-10-1 8:00:00,4378.49,4406.52,4240.04,4378.48,726.963685,
2017-10-2 8:00:00,4400,4561.63,4360,4380,655.756974,
2017-10-3 8:00:00,4380,4467.33,4180.8,4310,1082.323563,
2017-10-4 8:00:00,4314.9,4373,4142,4208.59,868.465101,
2017-10-5 8:00:00,4208.59,4355,4110,4292.43,779.138638,
2017-10-6 8:00:00,4318.99,4417,4292,4369,506.529176,
2017-10-7 8:00:00,4369,4479.5,4312.56,4423,297.5975,
2017-10-8 8:00:00,4425,4658,4425,4640,518.462004,
2017-10-9 8:00:00,4640,4889.98,4550,4786.95,646.463145,
2017-10-10 8:00:00,4786.95,4960,4680.59,4783.06,1043.221773,
2017-10-11 8:00:00,4783.06,4881.61,4710,4821.43,753.429396,
2017-10-12 8:00:00,4821.43,5439.99,4810.16,5430,1276.701482,
2017-10-13 8:00:00,5439.99,5846.17,5379.84,5649.98,1879.82762,
2017-10-14 8:00:00,5650,5900,5580.01,5869.99,970.759046,
2017-10-15 8:00:00,5855.03,5922.3,5400.01,5709.99,1343.523375,
2017-10-16 8:00:00,5710,5788.91,5585.19,5760.02,1528.996462,
2017-10-17 8:00:00,5760,5774.98,5508.63,5595,1429.869376,
2017-10-18 8:00:00,5595,5596,5037.95,5512.06,2317.804373,
2017-10-19 8:00:00,5513,5710,5490.26,5683.9,1881.722107,
2017-10-20 8:00:00,5683.31,6110,5600,6010.01,1972.97722,
2017-10-21 8:00:00,6013.72,6171,5850.03,6024.97,1664.307693,
2017-10-22 8:00:00,6003.27,6060,5720.03,5950.02,1362.092216,
2017-10-23 8:00:00,5975,6080,5621.03,5915.93,1812.557715,
2017-10-24 8:00:00,5909.47,5925,5450,5477.03,2580.418767,
2017-10-25 8:00:00,5506.92,5704.96,5286.98,5689.99,2282.813205,
2017-10-26 8:00:00,5670.1,5939.99,5650,5861.77,1972.965882,
2017-10-27 8:00:00,5861.77,5980,5649.24,5768.83,1403.706416,
2017-10-28 8:00:00,5768.79,5850.02,5630.03,5719.64,1276.754412,
2017-10-29 8:00:00,5709.98,6189.88,5648.01,6169.98,1804.778173,
2017-10-30 8:00:00,6133.01,6248.68,6030,6120.5,1473.687043,
2017-10-31 8:00:00,6120.52,6498.01,6100,6463,1511.774925,
2017-11-1 8:00:00,6463,6774.67,6338.02,6753.98,1675.615188,
2017-11-2 8:00:00,6753.98,7300,6685.1,7019.98,2503.610803,
2017-11-3 8:00:00,7010.31,7346.34,6923,7115.04,1891.497592,
2017-11-4 8:00:00,7115.02,7480.99,6901,7357.09,1399.191767,
2017-11-5 8:00:00,7357.27,7590.25,7279.02,7345.01,1207.83233,
2017-11-6 8:00:00,7345.1,7401,6906,6960.12,1763.019261,
2017-11-7 8:00:00,6981.72,7198.49,6901,7064.04,1440.259494,
2017-11-8 8:00:00,7070,7770.02,6651,7303,2822.298802,
2017-11-9 8:00:00,7303.01,7392,7015,7079.99,1913.398308,
2017-11-10 8:00:00,7079,7279.91,6255.01,6506.98,3254.704105,
2017-11-11 8:00:00,6503,6797.98,6100,6245.05,2754.156861,
2017-11-12 8:00:00,6245.05,6630,5325.01,5811.03,4968.483069,
2017-11-13 8:00:00,5839.94,6697.47,5699.99,6465.99,2621.243039,
2017-11-14 8:00:00,6465.99,6684.98,6311.07,6574.99,1254.292531,
2017-11-15 8:00:00,6575.99,7298,6575.99,7240.06,1779.605845,
2017-11-16 8:00:00,7240.14,7940,7076,7864.5,2331.95675,
2017-11-17 8:00:00,7876.98,7989,7451,7699.19,3982.395925,
2017-11-18 8:00:00,7680.01,7819.99,7422,7761.94,3954.266477,
2017-11-19 8:00:00,7761.94,8123.15,7650.33,8038,3867.340444,
2017-11-20 8:00:00,8057.11,8319.99,7954,8212,3886.634348,
2017-11-21 8:00:00,8212.49,8400,7801,8119.51,4544.474016,
2017-11-22 8:00:00,8091.09,8322.68,8091.09,8205.92,3545.00571,
2017-11-23 8:00:00,8233.03,8260,8000,8019.99,4093.952687,
2017-11-24 8:00:00,8019.97,8369,7850,8138,4411.789112,
2017-11-25 8:00:00,8138.99,8734.78,8090,8700.01,4292.623682,
2017-11-26 8:00:00,8700.04,9350,8604.72,9128.02,4147.380237,
2017-11-27 8:00:00,9128,9654.28,9112.04,9650,4521.625707,
2017-11-28 8:00:00,9650,9939,9570.5,9896.8,4917.210985,
2017-11-29 8:00:00,9896.79,11300.03,8520,9687.88,13352.53872,
2017-11-30 8:00:00,9687.88,10900,8850.8,9838.96,9389.574329,
2017-12-1 8:00:00,9837,10898,9380,10782.99,6134.923633,
2017-12-2 8:00:00,10775.04,11190,10620,10890.01,4765.439757,
2017-12-3 8:00:00,10902.69,11825,10500,11165.41,5346.636524,
2017-12-4 8:00:00,11165.41,11600,10802,11579,4663.424562,
2017-12-5 8:00:00,11571.03,11853,11447.68,11699.99,5550.732055,
2017-12-6 8:00:00,11699.99,13615.23,11665.58,13550.05,6707.946319,
2017-12-7 8:00:00,13541.01,16649.96,13050,16599,7487.065695,
2017-12-8 8:00:00,16599,17204.99,14015,15880,17589.01314,
2017-12-9 8:00:00,15880.01,16269.3,12535,14656.07,13918.75869,
2017-12-10 8:00:00,14664.01,15720.12,12368,14899.98,16553.03717,
2017-12-11 8:00:00,14946.26,17470,14901.08,16587.97,11820.40176,
2017-12-12 8:00:00,16587.97,16976.45,15875,16349.99,9436.802411,
2017-12-13 8:00:00,16349.99,16546,14666.56,16033.29,12416.3288,
2017-12-14 8:00:00,16030.34,16445,15450,16334.98,11616.86715,
2017-12-15 8:00:00,16334.98,17991,16298.45,17539.83,9181.273947,
2017-12-16 8:00:00,17516.81,19539,17190.01,19102.66,4202.628709,
2017-12-17 8:00:00,19120.19,19798.68,18510,18860.02,9177.183434,
2017-12-18 8:00:00,18860.04,19300,17029.98,18856.25,10624.63307,
2017-12-19 8:00:00,18856.25,18950,16300,17295.2,13210.74822,
2017-12-20 8:00:00,17295.2,17720.35,14777.66,16488.98,13450.49669,
2017-12-21 8:00:00,16480.52,17309.5,14022,15492.64,20324.2173,
2017-12-22 8:00:00,15514.03,15699.34,10961,13326.61,36076.27118,
2017-12-23 8:00:00,13326.61,14950,12978.18,13300,13141.53888,
2017-12-24 8:00:00,13300,13819.99,11640,13500,28557.53499,
2017-12-25 8:00:00,13500,14300,12708,13699.34,15748.20761,
2017-12-26 8:00:00,13699.34,16050,13533,15689.01,15034.6681,
2017-12-27 8:00:00,15709.98,16498.05,14200.15,15459.99,14959.86472,
2017-12-28 8:00:00,15459.97,15539.99,13150,14182.11,21717.85801,
2017-12-29 8:00:00,14199.14,14981,13850,14378.9,18072.00812,
2017-12-30 8:00:00,14378.99,14398.85,11750,12440.01,19221.15804,
2017-12-31 8:00:00,12345.1,14050.11,12149.98,13716.36,11768.98972,
2018-1-1 8:00:00,13715.65,13818.55,12750,13380,8609.915844,
2018-1-2 8:00:00,13382.16,15473.49,12890.02,14675.11,20078.09211,
2018-1-3 8:00:00,14690,15307.56,14150,14919.51,15905.66764,
2018-1-4 8:00:00,14919.51,15280,13918.04,15059.54,21329.64957,
2018-1-5 8:00:00,15059.56,17176.24,14600,16960.39,23251.49113,
2018-1-6 8:00:00,16960.39,17143.13,16011.21,17069.79,18571.45751,
2018-1-7 8:00:00,17069.79,17099.96,15610,16150.03,12493.12556,
2018-1-8 8:00:00,16218.85,16322.3,12812,14902.54,26600.60991,
2018-1-9 8:00:00,14902.54,15500,14011.05,14400,14315.00425,
2018-1-10 8:00:00,14401,14955.66,13131.31,14907.09,17411.00166,
2018-1-11 8:00:00,14940,14968.68,11400,13238.78,33554.72375,
2018-1-12 8:00:00,13238.76,14109.78,12500,13740.01,16417.16214,
2018-1-13 8:00:00,13749.95,14580,13706.15,14210,12221.50853,
2018-1-14 8:00:00,14210,14339.5,12569.2,13474.99,17017.89433,
2018-1-15 8:00:00,13477.98,14249.99,13147.79,13539.93,14652.09471,
2018-1-16 8:00:00,13500,13542.93,9035,10900,63401.16918,
2018-1-17 8:00:00,10899.99,11680.99,9037.94,10988.79,72331.79665,
2018-1-18 8:00:00,10972.59,11878.82,10435.33,10961.97,48464.43494,
2018-1-19 8:00:00,10960,11795,10360,11474.98,34129.37542,
2018-1-20 8:00:00,11474.98,13099,11412.45,12799.94,28768.85783,
2018-1-21 8:00:00,12799.8,12799.8,10965,11530,41379.77343,
2018-1-22 8:00:00,11530,11926.35,9900.24,10760.05,43752.60679,
2018-1-23 8:00:00,10760.05,11399,9905,10799.18,37473.92255,
2018-1-24 8:00:00,10799.14,11570.48,10500,11349.99,27158.58776,
2018-1-25 8:00:00,11349.96,11794.05,10950.21,11175.27,20839.95418,
2018-1-26 8:00:00,11184.7,11643,10311.15,11089,33056.87196,
2018-1-27 8:00:00,11089,11650,10842.69,11491,18860.76835,
2018-1-28 8:00:00,11499.98,12244,11408,11879.95,16887.33952,
2018-1-29 8:00:00,11879.95,11975.02,11139.55,11251,14170.37754,
2018-1-30 8:00:00,11250.11,11308.42,9900,10237.51,25554.37295,
2018-1-31 8:00:00,10230,10425.85,9700,10285.1,18015.95681,
2018-2-1 8:00:00,10285.1,10335,8750.99,9224.52,33564.76431,
2018-2-2 8:00:00,9224.52,9250,8010.02,8873.03,49971.62698,
2018-2-3 8:00:00,8873.03,9473.01,8229,9199.96,28725.00074,
2018-2-4 8:00:00,9199.96,9368,7930,8184.81,32014.30845,
2018-2-5 8:00:00,8179.99,8382.8,6625,6939.99,63403.18258,
2018-2-6 8:00:00,6939.63,7878,6000.01,7652.14,100201.5003,
2018-2-7 8:00:00,7655.02,8476,7150.01,7599,60778.4605,
2018-2-8 8:00:00,7599,7844,7572.09,7784.02,1521.537318,
2018-2-9 8:00:00,7789.9,8738,7789.9,8683.92,20482.91083,
2018-2-10 8:00:00,8683.93,9065.78,8120,8533.98,49381.51265,
2018-2-11 8:00:00,8533.99,8549,7726.53,8063.88,45025.18795,
2018-2-12 8:00:00,8063.82,8989,8053,8903,41987.85049,
2018-2-13 8:00:00,8903,8950,8351,8539.9,35454.97296,
2018-2-14 8:00:00,8535.17,9489.6,8533,9449.99,40811.95287,
2018-2-15 8:00:00,9449.98,10219.5,9301.5,10000.09,52427.59672,
2018-2-16 8:00:00,10000.89,10323.37,9666,10159.98,38161.20597,
2018-2-17 8:00:00,10156.07,11075.07,10050,11039.55,41882.10841,
2018-2-18 8:00:00,11039.55,11274,10080,10383.43,61137.38073,
2018-2-19 8:00:00,10375.01,11250,10270.33,11153,40831.41713,
2018-2-20 8:00:00,11147.11,11786.01,11100.59,11200.99,48153.35429,
2018-2-21 8:00:00,11195.07,11304.03,10200,10437.6,68113.81875,
2018-2-22 8:00:00,10439.02,10933.44,9679,9811.04,67060.16648,
2018-2-23 8:00:00,9815.55,10435,9570.19,10131.04,57202.70237,
2018-2-24 8:00:00,10131.04,10496.97,9352,9694.51,40888.1563,
2018-2-25 8:00:00,9694.51,9847,9274.8,9590,28373.51759,
2018-2-26 8:00:00,9590,10444.32,9350,10324,34878.29276,
2018-2-27 8:00:00,10321,10870,10121,10569.04,30705.38512,
2018-2-28 8:00:00,10584.33,11098,10300,10326.76,30800.98378,
2018-3-1 8:00:00,10325.64,11060.41,10240,10920,25092.55393,
2018-3-2 8:00:00,10923.36,11200,10770,11039,23910.71009,
2018-3-3 8:00:00,11038.99,11544,11015.01,11464.48,21287.15328,
2018-3-4 8:00:00,11464.47,11565,11050.02,11515,17295.91865,
2018-3-5 8:00:00,11515,11710,11415.01,11454,15144.23106,
2018-3-6 8:00:00,11455,11455,10555.48,10716.48,29515.57236,
2018-3-7 8:00:00,10716.48,10899,9389.31,9910,50647.67108,
2018-3-8 8:00:00,9910,10099,9060,9271.64,41109.47323,
2018-3-9 8:00:00,9267.07,9410,8329,9227,64112.29141,
2018-3-10 8:00:00,9230,9490,8667.07,8770.22,37180.01286,
2018-3-11 8:00:00,8770.22,9740,8450,9533.57,44325.97339,
2018-3-12 8:00:00,9533.57,9888.88,8780,9131.34,42230.77793,
2018-3-13 8:00:00,9131.34,9474,8823,9150,40191.40936,
2018-3-14 8:00:00,9151.92,9333.78,7900.28,8170,49708.09411,
2018-3-15 8:00:00,8184.01,8430,7650,8240.98,52291.02228,
2018-3-16 8:00:00,8240.98,8611.64,7900,8260,38815.40989,
2018-3-17 8:00:00,8260,8348.62,7721.99,7824.8,33110.20633,
2018-3-18 8:00:00,7824.01,8317.4,7322,8189.99,59488.23171,
2018-3-19 8:00:00,8189,8705.23,8088.4,8600,55297.08494,
2018-3-20 8:00:00,8595.01,9050,8280,8909.98,44865.10584,
2018-3-21 8:00:00,8909.96,9177.01,8750.6,8885,39972.40537,
2018-3-22 8:00:00,8884.82,9100,8465.1,8722.9,40617.55681,
2018-3-23 8:00:00,8720,8909,8269,8898.03,39991.00767,
2018-3-24 8:00:00,8898.04,8999.95,8491,8546.86,35466.60957,
2018-3-25 8:00:00,8531.25,8669.85,8365.77,8470.15,29001.76932,
2018-3-26 8:00:00,8470.14,8514.89,7831,8134.23,44033.59566,
2018-3-27 8:00:00,8134.22,8215.94,7730,7795.51,37427.64805,
2018-3-28 8:00:00,7795.51,8109,7728,7949.3,26401.33167,
2018-3-29 8:00:00,7949.3,7975,6941.11,7090.14,54620.91513,
2018-3-30 8:00:00,7090.16,7292.43,6600.1,6840.23,65306.03198,
2018-3-31 8:00:00,6840.24,7223.36,6777,6923.91,36868.53909,
2018-4-1 8:00:00,6922,7049.98,6430,6813.01,44071.43046,
2018-4-2 8:00:00,6813.01,7125,6765,7056,32123.56007,
2018-4-3 8:00:00,7063.97,7520,7011.01,7405.21,37787.33181,
2018-4-4 8:00:00,7405.21,7427.52,6707,6796.1,42227.1838,
2018-4-5 8:00:00,6796.1,6902,6566.69,6770.76,39029.73146,
2018-4-6 8:00:00,6770,6850,6500,6601.39,27455.01192,
2018-4-7 8:00:00,6601.39,7070,6586.28,6895.8,32269.57827,
2018-4-8 8:00:00,6895.81,7109.13,6880,7018,21427.67317,
2018-4-9 8:00:00,7011.04,7185,6611,6782.72,34078.29721,
2018-4-10 8:00:00,6781.55,6890,6656,6843.9,22326.7281,
2018-4-11 8:00:00,6839.56,6990,6787,6953.79,23997.87118,
2018-4-12 8:00:00,6953.78,8012.23,6743.2,7923,64861.59599,
2018-4-13 8:00:00,7922.99,8233.39,7732,7877.41,55044.52315,
2018-4-14 8:00:00,7877.48,8186,7810,7999.01,31621.28636,
2018-4-15 8:00:00,8004,8429.54,7999.02,8355,27946.72044,
2018-4-16 8:00:00,8355.07,8419,7867,8064.92,36664.06972,
2018-4-17 8:00:00,8064.92,8173.7,7825.4,7885.02,32152.60357,
2018-4-18 8:00:00,7890.96,8236.43,7868,8173,26969.04457,
2018-4-19 8:00:00,8173.99,8296,8080,8278,27113.84746,
2018-4-20 8:00:00,8273.84,8930,8177.09,8856.98,39795.33749,
2018-4-21 8:00:00,8852.12,9035,8565,8915.31,40872.22991,
2018-4-22 8:00:00,8915.31,9020.67,8727.68,8787.02,29458.25348,
2018-4-23 8:00:00,8785.7,8985,8745,8934.01,25838.11471,
2018-4-24 8:00:00,8934,9731.01,8922,9619.99,46268.79011,
2018-4-25 8:00:00,9618.96,9759.82,8730,8869.99,81110.03759,
2018-4-26 8:00:00,8869.99,9307.48,8651.62,9266,43300.30425,
2018-4-27 8:00:00,9267.03,9395,8889,8915.35,37241.34704,
2018-4-28 8:00:00,8915.35,9427.48,8870,9348,34759.62842,
2018-4-29 8:00:00,9348,9570.51,9163.74,9419,38149.85004,
2018-4-30 8:00:00,9417.04,9458.64,9124.99,9246.01,35002.03388,
2018-5-1 8:00:00,9246.01,9248.99,8800.49,9071.48,41018.46363,
2018-5-2 8:00:00,9071.48,9268,8970.2,9247.84,26123.54396,
2018-5-3 8:00:00,9247.81,9844,9168.4,9750,38768.38829,
2018-5-4 8:00:00,9750,9830.04,9520.85,9713.99,28681.58888,
2018-5-5 8:00:00,9714,10020,9682,9864,24990.01835,
2018-5-6 8:00:00,9863.99,9970,9417.03,9659.01,27690.35156,
2018-5-7 8:00:00,9661.02,9689.67,9181,9365,33787.64001,
2018-5-8 8:00:00,9365,9475.7,9060.54,9187.56,25533.83189,
2018-5-9 8:00:00,9178,9390,8965,9310,25673.5249,
2018-5-10 8:00:00,9310,9395.12,8970,9002.2,25055.06372,
2018-5-11 8:00:00,9002.21,9016.8,8341,8400,48227.04806,
2018-5-12 8:00:00,8405.94,8646.88,8153,8465.94,40241.32081,
2018-5-13 8:00:00,8475.44,8763.36,8298,8679.71,25632.86936,
2018-5-14 8:00:00,8679.71,8879.99,8277,8663.34,37389.66653,
2018-5-15 8:00:00,8663.37,8859.99,8401.3,8462,28126.95614,
2018-5-16 8:00:00,8462,8488,8083.01,8330,31130.71891,
2018-5-17 8:00:00,8330,8464,7979,8041.46,25439.8448,
2018-5-18 8:00:00,8038.82,8273.21,7911.9,8239.81,23476.15825,
2018-5-19 8:00:00,8238.01,8390.8,8095.73,8233.49,17193.42428,
2018-5-20 8:00:00,8233.49,8609,8163.9,8526.98,19957.05711,
2018-5-21 8:00:00,8526.97,8595.31,8305,8381.24,21516.59649,
2018-5-22 8:00:00,8386.89,8400.18,7935.11,7977.11,23710.90286,
2018-5-23 8:00:00,7977.12,8031.9,7425,7501.95,42910.66677,
2018-5-24 8:00:00,7501.95,7730.73,7266.99,7575.01,37845.4466,
2018-5-25 8:00:00,7578.99,7649.55,7308.15,7457,26739.95664,
2018-5-26 8:00:00,7456.99,7620,7300,7333.96,19464.08607,
2018-5-27 8:00:00,7334,7400,7231.11,7338.99,18706.94552,
2018-5-28 8:00:00,7338.99,7437,7058.02,7099,27219.43896,
2018-5-29 8:00:00,7099,7540,7032.95,7461.29,39407.21183,
2018-5-30 8:00:00,7467.98,7569,7260.5,7375.96,32041.58362,
2018-5-31 8:00:00,7382.07,7699,7327.51,7485.01,30776.0631,
2018-6-1 8:00:00,7485.01,7608.55,7355.54,7521.01,28259.12408,
2018-6-2 8:00:00,7521.01,7697.33,7437,7640.03,26720.69022,
2018-6-3 8:00:00,7636.81,7786.69,7600,7714.26,27505.15895,
2018-6-4 8:00:00,7714.26,7760.52,7446.5,7487,32258.83511,
2018-6-5 8:00:00,7487,7679.49,7358,7625,31722.97338,
2018-6-6 8:00:00,7626.64,7699,7467.05,7658.84,27229.9919,
2018-6-7 8:00:00,7658.79,7765,7620,7691.08,25062.2272,
2018-6-8 8:00:00,7691.08,7703.5,7531,7603.44,23396.80467,
2018-6-9 8:00:00,7603.44,7683.98,7450,7491.73,19339.88518,
2018-6-10 8:00:00,7491.73,7491.73,6622.81,6764.99,52342.02003,
2018-6-11 8:00:00,6765,6922,6610,6872,34552.1623,
2018-6-12 8:00:00,6872,6890.51,6435,6530,36722.21119,
2018-6-13 8:00:00,6530,6627.6,6118.68,6292.78,46185.5181,
2018-6-14 8:00:00,6292.78,6720,6260,6635.98,44478.13084,
2018-6-15 8:00:00,6638.67,6666.66,6362.31,6388.9,30018.32991,
2018-6-16 8:00:00,6380.01,6560,6320.86,6483.98,22277.24115,
2018-6-17 8:00:00,6482.5,6589.03,6422,6449.61,19847.24769,
2018-6-18 8:00:00,6444.06,6794.38,6380,6712.46,31821.435,
2018-6-19 8:00:00,6711.39,6841.74,6653,6741.21,24311.42114,
2018-6-20 8:00:00,6740,6817.23,6551.81,6761.51,26359.75245,
2018-6-21 8:00:00,6763.21,6795,6672.57,6718.84,25428.85405,
2018-6-22 8:00:00,6717.69,6733.97,5918.94,6045,52157.37083,
2018-6-23 8:00:00,6045.92,6260,6008.48,6149.98,26622.78859,
2018-6-24 8:00:00,6149.98,6259.8,5750,6136.97,47445.99896,
2018-6-25 8:00:00,6137.95,6350,6061.97,6252,39164.51531,
2018-6-26 8:00:00,6252,6272.54,6035,6070.78,19377.24048,
2018-6-27 8:00:00,6065.89,6190.43,5971,6133.73,19225.6711,
2018-6-28 8:00:00,6134.73,6173.01,5827,5853.98,30585.26603,
2018-6-29 8:00:00,5851.01,6300,5780,6197.92,33911.28728,
2018-6-30 8:00:00,6197.92,6528.99,6186.03,6390.07,37919.61284,
2018-7-1 8:00:00,6391.08,6441.06,6251,6356.81,27562.96597,
2018-7-2 8:00:00,6360.82,6685,6271.62,6615.29,36230.45226,
2018-7-3 8:00:00,6615.29,6679.35,6463.01,6513.86,38657.78169,
2018-7-4 8:00:00,6511.01,6784.92,6441.11,6586.98,23571.89278,
2018-7-5 8:00:00,6585.53,6712,6453.33,6529.2,35071.9729,
2018-7-6 8:00:00,6529.2,6648.54,6425,6609.78,29397.09475,
2018-7-7 8:00:00,6609.79,6818.16,6508.88,6756.98,23973.87689,
2018-7-8 8:00:00,6753.48,6780,6667.44,6712.1,24622.94779,
2018-7-9 8:00:00,6712.1,6802.06,6612.24,6662.12,26732.40655,
2018-7-10 8:00:00,6662.78,6681,6263,6296.91,38560.6727,
2018-7-11 8:00:00,6296.91,6406,6278.99,6378.07,28715.49849,
2018-7-12 8:00:00,6378.07,6380.28,6070,6250.57,31306.66335,
2018-7-13 8:00:00,6251.4,6350,6110,6214.57,26375.32529,
2018-7-14 8:00:00,6214.57,6335,6178,6251.99,17783.072,
2018-7-15 8:00:00,6250.9,6395,6225.4,6353.01,22979.21151,
2018-7-16 8:00:00,6354.15,6747.3,6330.4,6723.35,36204.87708,
2018-7-17 8:00:00,6723.33,7468.99,6652.04,7317.44,52105.42346,
2018-7-18 8:00:00,7317.44,7588.08,7225.38,7381.9,59487.64345,
2018-7-19 8:00:00,7381.88,7576.28,7270,7466.21,41218.25644,
2018-7-20 8:00:00,7468.86,7700,7273,7337.53,46140.31345,
2018-7-21 8:00:00,7337.47,7458.47,7211,7398.78,28886.49029,
2018-7-22 8:00:00,7399.25,7582.4,7335.5,7394.79,30270.21844,
2018-7-23 8:00:00,7394.78,7833,7375,7721.01,41646.34667,
2018-7-24 8:00:00,7721.65,8486,7696,8397.24,60121.16375,
2018-7-25 8:00:00,8397.24,8491.77,8050,8175.64,48257.64912,
2018-7-26 8:00:00,8175.63,8315.69,7850.06,7920,43223.48168,
2018-7-27 8:00:00,7920,8285,7805,8188.57,43671.00589,
2018-7-28 8:00:00,8188.57,8246.54,8067,8225.04,26215.17384,
2018-7-29 8:00:00,8225.04,8294.51,8115,8211,25531.22619,
2018-7-30 8:00:00,8210.99,8273,7866,8173.92,39692.41654,
2018-7-31 8:00:00,8171.4,8180,7633,7730.93,48296.91559,
2018-8-1 8:00:00,7735.67,7750,7430,7604.58,42582.31293,
2018-8-2 8:00:00,7600.08,7709.46,7455.72,7525.71,37665.69668,
2018-8-3 8:00:00,7525.71,7540,7282.44,7418.78,44669.48605,
2018-8-4 8:00:00,7412.27,7494.81,6926,7009.84,36288.42601,
2018-8-5 8:00:00,7009.84,7089.87,6882.29,7024.19,32894.84978,
2018-8-6 8:00:00,7024.19,7160,6821,6934.82,32760.19164,
2018-8-7 8:00:00,6935,7150.46,6670,6720.06,45438.4735,
2018-8-8 8:00:00,6720.63,6721.54,6123,6285,59550.53632,
2018-8-9 8:00:00,6283.27,6622.81,6178.6,6529.79,51941.18511,
2018-8-10 8:00:00,6529.79,6575.88,6026.39,6144.01,59034.9749,
2018-8-11 8:00:00,6148.13,6488,5971,6232.35,47133.41856,
2018-8-12 8:00:00,6222.55,6472.3,6130,6308.33,38567.77071,
2018-8-13 8:00:00,6308.56,6545,6145.04,6246.35,53895.82878,
2018-8-14 8:00:00,6248.25,6250.33,5880,6188.08,50186.74509,
2018-8-15 8:00:00,6188.08,6609,6172.11,6267.16,68806.68703,
2018-8-16 8:00:00,6265.27,6480,6205.6,6311.75,48515.25462,
2018-8-17 8:00:00,6316,6585,6285.4,6584.49,57851.6108,
2018-8-18 8:00:00,6579.04,6620,6288,6387.96,53742.32217,
2018-8-19 8:00:00,6387.96,6541,6300,6477.53,45190.84799,
2018-8-20 8:00:00,6477.53,6530,6220,6254.84,49435.55526,
2018-8-21 8:00:00,6251,6500,6235.08,6480,41569.94741,
2018-8-22 8:00:00,6479.98,6882.54,6251.2,6360.89,77909.39136,
2018-8-23 8:00:00,6362.57,6576.99,6342.28,6525.01,40358.16683,
2018-8-24 8:00:00,6525,6725,6440.5,6681.64,38305.67532,
2018-8-25 8:00:00,6686.98,6789,6650.61,6733.64,19220.50593,
2018-8-26 8:00:00,6733.64,6775.27,6568,6700,20107.29721,
2018-8-27 8:00:00,6700,6940.51,6646.5,6908.64,37747.07875,
2018-8-28 8:00:00,6907.26,7135,6860,7076.11,48352.91716,
2018-8-29 8:00:00,7077,7133.81,6912.34,7031.22,43252.48739,
2018-8-30 8:00:00,7033.21,7063.63,6784.81,6984.84,44716.77462,
2018-8-31 8:00:00,6984.84,7089,6888,7011.21,40467.40064,
2018-9-1 8:00:00,7011.21,7275,7008.74,7200.01,40323.41409,
2018-9-2 8:00:00,7201.57,7345.45,7127,7302.01,39814.84035,
2018-9-3 8:00:00,7302,7338.28,7191.63,7263.02,32396.01837,
2018-9-4 8:00:00,7263,7410,7227.17,7359.06,35300.64052,
2018-9-5 8:00:00,7359.05,7397.3,6682,6700,63715.25627,
2018-9-6 8:00:00,6697.27,6725,6265,6516.01,60644.46423,
2018-9-7 8:00:00,6516.84,6544,6320,6395.54,38906.28805,
2018-9-8 8:00:00,6395.54,6478,6111,6185.05,38215.03217,
2018-9-9 8:00:00,6185.06,6441,6141.53,6250.81,37053.92382,
2018-9-10 8:00:00,6252.26,6373.98,6221,6312,32439.45643,
2018-9-11 8:00:00,6311.99,6404,6169.68,6294.91,33104.88859,
2018-9-12 8:00:00,6293,6360,6192.37,6338.62,31433.64594,
2018-9-13 8:00:00,6338.62,6535,6337.4,6487.38,40465.06311,
2018-9-14 8:00:00,6487.39,6584.99,6385.62,6476.63,37173.33928,
2018-9-15 8:00:00,6476.63,6565.45,6466.13,6514.96,25243.65661,
2018-9-16 8:00:00,6514.96,6524.62,6370,6505,27568.1329,
2018-9-17 8:00:00,6500.08,6533.84,6201,6248.69,35987.25474,
2018-9-18 8:00:00,6248.69,6390,6224.98,6336.45,32620.86667,
2018-9-19 8:00:00,6336.39,6517.7,6123,6391.89,39044.08008,
2018-9-20 8:00:00,6392,6540,6325,6492,25189.02473,
2018-9-21 8:00:00,6492,6784.86,6491,6759.02,51779.34346,
2018-9-22 8:00:00,6759.01,6839.03,6627,6723.05,29349.69067,
2018-9-23 8:00:00,6723.05,6788.23,6661.75,6708,30286.22977,
2018-9-24 8:00:00,6706.81,6730,6557,6581.39,35305.73991,
2018-9-25 8:00:00,6581.42,6584.01,6325.02,6447.54,40301.02945,
2018-9-26 8:00:00,6445.11,6557.99,6379.7,6465.12,33484.54207,
2018-9-27 8:00:00,6467.84,6750,6434,6689.13,33087.4283,
2018-9-28 8:00:00,6689.12,6814.8,6540.88,6634.58,42399.44852,
2018-9-29 8:00:00,6634.58,6636,6464.57,6596.38,30255.9597,
2018-9-30 8:00:00,6597.66,6662,6533,6626.57,27764.72452,
2018-10-1 8:00:00,6626.57,6667.09,6510,6611.61,20621.50689,
2018-10-2 8:00:00,6610,6640,6494,6525.79,28245.81009,
2018-10-3 8:00:00,6525.79,6549,6430,6510,28451.96914,
2018-10-4 8:00:00,6510.01,6643.46,6505.09,6593.79,20074.30082,
2018-10-5 8:00:00,6591.69,6697,6543.08,6635.65,16096.55239,
2018-10-6 8:00:00,6635.65,6651,6566.77,6594.27,10939.50539,
2018-10-7 8:00:00,6596.44,6640,6525,6615.26,17406.83176,
2018-10-8 8:00:00,6615.26,6715.6,6587,6673.01,23123.41954,
2018-10-9 8:00:00,6673.01,6685.38,6607,6656.61,15354.77947,
2018-10-10 8:00:00,6656.67,6659.95,6530,6631,15390.66144,
2018-10-11 8:00:00,6630.21,6633.92,6205,6252.68,48712.40033,
2018-10-12 8:00:00,6252.71,6360,6209,6298.01,29004.07142,
2018-10-13 8:00:00,6298,6345,6285.07,6332.93,19098.07003,
2018-10-14 8:00:00,6332.92,6416,6308,6339.34,15627.41131,
2018-10-15 8:00:00,6339.34,7680,6300,6752.5,90748.03125,
2018-10-16 8:00:00,6752.5,6900,6670,6759.27,27557.95776,
2018-10-17 8:00:00,6762.76,6811.12,6676.01,6740.89,26641.43138,
2018-10-18 8:00:00,6739.01,6796,6567,6618.96,20116.52194,
2018-10-19 8:00:00,6618.96,6648.14,6523,6528.88,20772.60077,
2018-10-20 8:00:00,6528.88,6617.65,6505.55,6588.4,19240.72225,
2018-10-21 8:00:00,6585.72,6663.9,6580,6590.11,6515.357792,
2018-10-22 8:00:00,6590.12,6639,6535.27,6581.2,16213.69266,
2018-10-23 8:00:00,6581.2,6595,6515.45,6553.51,13856.60176,
2018-10-24 8:00:00,6553.51,6630,6547.53,6565.5,11951.54398,
2018-10-25 8:00:00,6566.81,6575.09,6502.8,6528.09,10342.70124,
2018-10-26 8:00:00,6528.13,6600,6515.01,6538.63,9443.504156,
2018-10-27 8:00:00,6538.63,6558.35,6463.04,6505.6,7776.907864,
2018-10-28 8:00:00,6505.6,6514.17,6453,6489.93,5743.933728,
2018-10-29 8:00:00,6489.93,6505.01,6315,6344.5,13827.22407,
2018-10-30 8:00:00,6344.5,6395,6317.01,6330.87,8877.175385,
2018-10-31 8:00:00,6330.01,6428,6245.02,6371.93,12148.88822,
2018-11-1 8:00:00,6369.52,6442.65,6348.66,6410,9099.035841,
2018-11-2 8:00:00,6410,6460.34,6388.2,6433.98,9739.440679,
2018-11-3 8:00:00,6432.8,6439.97,6345,6387.09,7661.241476,
2018-11-4 8:00:00,6388,6525,6359,6485.85,10592.39494,
2018-11-5 8:00:00,6485.85,6504.39,6431.02,6468.99,8987.882156,
2018-11-6 8:00:00,6468.99,6531.31,6445.18,6519.11,11926.5657,
2018-11-7 8:00:00,6522.73,6615.15,6509,6578.46,14271.59112,
2018-11-8 8:00:00,6578.46,6594,6468.22,6479.84,13259.78928,
2018-11-9 8:00:00,6479.84,6511.53,6391.01,6419.99,11787.61658,
2018-11-10 8:00:00,6419.99,6475.55,6411,6433.05,7714.829926,
2018-11-11 8:00:00,6435.16,6462.14,6355,6449.81,8213.507117,
2018-11-12 8:00:00,6450.71,6497,6421,6453.07,10132.78257,
2018-11-13 8:00:00,6451.68,6498,6391.15,6457.66,11790.56493,
2018-11-14 8:00:00,6458.98,6482.84,5656.87,5922.41,46478.964,
2018-11-15 8:00:00,5917.2,5939.54,5403.42,5753.4,47700.8294,
2018-11-16 8:00:00,5757.09,5782.89,5549.25,5655.94,38721.80227,
2018-11-17 8:00:00,5650.57,5656.6,5565.43,5628.29,26411.24141,
2018-11-18 8:00:00,5630.49,5738.17,5617,5662,23844.99935,
2018-11-19 8:00:00,5661.94,5664,4855,4910.03,70580.89286,
2018-11-20 8:00:00,4913.4,5048.24,4326,4558.86,117380.9516,
2018-11-21 8:00:00,4559.91,4787.2,4413.85,4661.07,61071.82948,
2018-11-22 8:00:00,4661.08,4721.77,4335,4370,34531.11914,
2018-11-23 8:00:00,4370.9,4484,4222.94,4420.61,49371.92032,
2018-11-24 8:00:00,4415.63,4527,3824.69,3932.44,61693.11101,
2018-11-25 8:00:00,3933.68,4233,3652.66,4085.78,101693.9756,
2018-11-26 8:00:00,4088.69,4206,3701,3862.2,94503.75077,
2018-11-27 8:00:00,3864.45,3940,3689.12,3875.21,67480.60721,
2018-11-28 8:00:00,3875.63,4394.47,3874.27,4264.85,91983.56795,
2018-11-29 8:00:00,4262.06,4450.38,4125.65,4295.84,73980.19867,
2018-11-30 8:00:00,4295.72,4341.36,3943,4041.32,67758.44628,
2018-12-1 8:00:00,4041.27,4299.99,3963.01,4190.02,44840.07348,
2018-12-2 8:00:00,4190.98,4312.99,4103.04,4161.01,38912.15479,
2018-12-3 8:00:00,4160.55,4179,3827,3884.01,49094.36916,
2018-12-4 8:00:00,3884.76,4085,3781,3951.64,48489.55161,
2018-12-5 8:00:00,3950.98,3970,3745,3769.84,44004.79945,
2018-12-6 8:00:00,3768.44,3899.99,3500,3508.75,68378.79694,
2018-12-7 8:00:00,3508.75,3549.99,3224.6,3403.55,95145.45744,
2018-12-8 8:00:00,3403.57,3495,3222,3410.93,55365.94995,
2018-12-9 8:00:00,3411.36,3658,3394.04,3545.37,45956.8933,
2018-12-10 8:00:00,3548.49,3610,3370.11,3432.88,40989.24455,
2018-12-11 8:00:00,3434.01,3480,3324.32,3380.39,35920.86415,
2018-12-12 8:00:00,3379.23,3492,3350,3445,33922.93129,
2018-12-13 8:00:00,3446.38,3460,3255.5,3302.06,40040.91701,
2018-12-14 8:00:00,3302.06,3335.39,3177,3224.17,44492.98381,
2018-12-15 8:00:00,3225.19,3276.5,3156.26,3211.72,29796.04144,
2018-12-16 8:00:00,3211.71,3294,3186,3228.67,24628.80854,
2018-12-17 8:00:00,3229.22,3585,3216,3509.08,66761.7517,
2018-12-18 8:00:00,3509.03,3678.59,3424.47,3652.98,61369.61526,
2018-12-19 8:00:00,3653,3912.73,3622.55,3662.22,94137.34101,
2018-12-20 8:00:00,3660.01,4120,3635,4049.62,101543.836,
2018-12-21 8:00:00,4051.86,4139.99,3764,3838.66,82343.85011,
2018-12-22 8:00:00,3840.25,3979,3785,3948.91,42822.35087,
2018-12-23 8:00:00,3948.91,4021.53,3870,3929.71,40117.53153,
2018-12-24 8:00:00,3929.71,4198,3924.83,4008.01,64647.80913,
2018-12-25 8:00:00,4010.11,4020,3646.41,3745.79,62725.62943,
2018-12-26 8:00:00,3745.56,3837.15,3656.74,3777.74,42629.37582,
2018-12-27 8:00:00,3777.74,3813.98,3535,3567.91,44097.39291,
2018-12-28 8:00:00,3567.89,3887.25,3540.04,3839.26,45964.30499,
2018-12-29 8:00:00,3839,3892,3670,3695.32,38874.3739,
2018-12-30 8:00:00,3696.71,3903.5,3657.9,3801.91,33222.36926,
2018-12-31 8:00:00,3803.12,3810,3630.33,3702.9,29991.77835,
2019-1-1 8:00:00,3701.23,3810.16,3642,3797.14,23741.68703,
2019-1-2 8:00:00,3796.45,3882.14,3750.45,3858.56,35156.46337,
2019-1-3 8:00:00,3857.57,3862.74,3730,3766.78,29406.94836,
2019-1-4 8:00:00,3767.2,3823.64,3703.57,3792.01,29519.55467,
2019-1-5 8:00:00,3790.09,3840.99,3751,3770.96,30490.66775,
2019-1-6 8:00:00,3771.12,4027.71,3740,3987.6,36553.80671,
2019-1-7 8:00:00,3987.62,4017.9,3921.53,3975.45,31869.84626,
2019-1-8 8:00:00,3976.76,4069.8,3903,3955.13,38901.42312,
2019-1-9 8:00:00,3955.45,4006.81,3930.04,3966.65,28989.43951,
2019-1-10 8:00:00,3966.06,3996.01,3540,3585.88,59402.22851,
2019-1-11 8:00:00,3585.88,3658,3465,3601.31,38338.65473,
2019-1-12 8:00:00,3601.31,3618.19,3530,3583.13,21999.92835,
2019-1-13 8:00:00,3584.1,3611.1,3441.3,3476.81,26385.75745,
2019-1-14 8:00:00,3477.56,3671.87,3467.02,3626.09,35235.21121,
2019-1-15 8:00:00,3626.08,3648.42,3516.62,3553.06,34137.99746,
2019-1-16 8:00:00,3553.06,3645,3543.51,3591.84,27480.17998,
2019-1-17 8:00:00,3591.84,3634.7,3530.39,3616.21,29755.44084,
2019-1-18 8:00:00,3613.32,3620,3565.75,3594.87,22713.44676,
2019-1-19 8:00:00,3594.87,3720,3594.23,3665.3,22171.57812,
2019-1-20 8:00:00,3665.75,3693.73,3475,3539.28,27901.9386,
2019-1-21 8:00:00,3539.26,3559.51,3475.5,3526.9,19644.43684,
2019-1-22 8:00:00,3526.88,3608.5,3434.85,3570.93,29336.44297,
2019-1-23 8:00:00,3570.41,3607.98,3514.5,3552.82,24938.8427,
2019-1-24 8:00:00,3552.97,3589,3529.22,3569.62,20826.25118,
2019-1-25 8:00:00,3569.07,3587.15,3522.51,3565.29,17608.34667,
2019-1-26 8:00:00,3566.69,3662.94,3545,3565.25,19476.53234,
2019-1-27 8:00:00,3565.62,3579,3486,3550.84,22735.59816,
2019-1-28 8:00:00,3550.05,3557.75,3380.27,3434.15,40405.1114,
2019-1-29 8:00:00,3434,3443.45,3349.92,3411.04,29544.92898,
2019-1-30 8:00:00,3410.04,3478,3387.1,3458.18,23968.26024,
2019-1-31 8:00:00,3457.5,3489.2,3418.8,3434.1,29607.19025,
2019-2-1 8:00:00,3434.1,3488,3401.2,3462.07,25260.47616,
2019-2-2 8:00:00,3462.2,3526.4,3440.29,3504.77,17920.802,
2019-2-3 8:00:00,3504.06,3511.09,3426,3458.11,19867.33639,
2019-2-4 8:00:00,3458.11,3484.88,3433.31,3463.22,23131.98111,
2019-2-5 8:00:00,3463.22,3478.97,3448.43,3471.59,25264.41503,
2019-2-6 8:00:00,3471.57,3482.72,3380,3405.37,35310.24485,
2019-2-7 8:00:00,3407,3426.45,3390,3398.4,18665.53864,
2019-2-8 8:00:00,3398.4,3733.58,3373.1,3659.04,47968.05801,
2019-2-9 8:00:00,3660.27,3680.02,3625.13,3665.18,24759.83372,
2019-2-10 8:00:00,3665.18,3684.99,3609.76,3680.06,23250.60263,
2019-2-11 8:00:00,3679.75,3684.9,3615.53,3631.05,24954.61457,
2019-2-12 8:00:00,3631.05,3667.6,3582.34,3631.46,29479.59823,
2019-2-13 8:00:00,3631.51,3670,3591.75,3609.4,25773.99765,
2019-2-14 8:00:00,3608.34,3626.4,3568.11,3590.56,21753.50126,
2019-2-15 8:00:00,3590.57,3653.23,3573.45,3602.47,20777.8729,
2019-2-16 8:00:00,3602.49,3648.2,3597.91,3618.41,19565.99275,
2019-2-17 8:00:00,3617.22,3700.11,3604.4,3667.58,25690.22778,
2019-2-18 8:00:00,3667.62,3925,3655,3898.6,64042.73049,
2019-2-19 8:00:00,3897.35,3994.52,3856,3907.79,50207.17267,
2019-2-20 8:00:00,3907.35,3986.98,3870.66,3969.74,36205.14085,
2019-2-21 8:00:00,3969.74,4016.48,3901.03,3937.31,31103.88473,
2019-2-22 8:00:00,3937.31,3988,3926.65,3962,23943.16375,
2019-2-23 8:00:00,3962,4162.02,3933.15,4117.76,33657.94288,
2019-2-24 8:00:00,4118,4198,3712.66,3743.56,62224.18689,
2019-2-25 8:00:00,3743.56,3872.66,3740,3827.92,38102.96624,
2019-2-26 8:00:00,3828.44,3841.51,3777,3809.23,28838.74804,
2019-2-27 8:00:00,3809.31,3838.85,3677.17,3818.07,31500.99547,
2019-2-28 8:00:00,3818.04,3888,3763.87,3813.69,32561.96104,
2019-3-1 8:00:00,3814.26,3857,3813.01,3823,23174.57217,
2019-3-2 8:00:00,3822.17,3841.31,3772.25,3819.93,19445.83836,
2019-3-3 8:00:00,3819.97,3835,3781.32,3807.75,16718.16541,
2019-3-4 8:00:00,3807.32,3830,3670.69,3715.3,34742.84166,
2019-3-5 8:00:00,3716.1,3877.1,3703.55,3857.73,32962.53616,
2019-3-6 8:00:00,3857.58,3907,3813.09,3861.84,24775.11883,
2019-3-7 8:00:00,3861.84,3905.4,3840.4,3873.64,26455.25766,
2019-3-8 8:00:00,3873.63,3932,3800,3864.89,34730.36659,
2019-3-9 8:00:00,3864.88,3971.75,3854.75,3943.04,30979.74765,
2019-3-10 8:00:00,3943.43,3943.43,3881.69,3916.82,23187.56141,
2019-3-11 8:00:00,3915.99,3936.98,3830,3871.61,38066.88571,
2019-3-12 8:00:00,3871.61,3905.2,3826.06,3882.73,26921.00862,
2019-3-13 8:00:00,3882.69,3893.56,3840,3866,24461.00876,
2019-3-14 8:00:00,3866,3920,3810.43,3877.12,27048.74853,
2019-3-15 8:00:00,3877.12,3939.22,3872.2,3923.76,21740.0615,
2019-3-16 8:00:00,3924.46,4056.98,3921.98,4005.98,28568.37612,
2019-3-17 8:00:00,4005.98,4012,3950.01,3981.14,18814.25558,
2019-3-18 8:00:00,3981.85,4037,3953.33,3987.81,22454.47801,
2019-3-19 8:00:00,3987.83,4031,3970,4015.53,19893.74182,
2019-3-20 8:00:00,4017.48,4050,3980.5,4043.04,23432.30026,
2019-3-21 8:00:00,4043.04,4069.32,3880.01,3980.64,35997.68212,
2019-3-22 8:00:00,3980.85,4008,3968.25,3986.93,20022.60632,
2019-3-23 8:00:00,3987.89,4018.83,3978.01,4006.01,17302.60432,
2019-3-24 8:00:00,4006.01,4006.02,3950,3992.18,17179.85065,
2019-3-25 8:00:00,3991.35,3999.3,3888.71,3936.12,33192.89022,
2019-3-26 8:00:00,3935.47,3958.98,3894,3948.55,29349.53763,
2019-3-27 8:00:00,3948.77,4048,3936.15,4038.05,32364.55585,
2019-3-28 8:00:00,4039.58,4039.7,4002,4027.81,20089.29388,
2019-3-29 8:00:00,4028.22,4123.71,4024.03,4103.25,30084.21744,
2019-3-30 8:00:00,4104.24,4140,4052,4106.97,19509.2926,
2019-3-31 8:00:00,4106.99,4116.12,4082.57,4103.95,13525.08743,
2019-4-1 8:00:00,4102.44,4158.7,4067,4144.56,25507.06764,
2019-4-2 8:00:00,4144.54,4897.99,4140.54,4857.29,105383.6393,
2019-4-3 8:00:00,4857.19,5275.01,4753.5,4932.6,109890.1257,
2019-4-4 8:00:00,4932.59,5039.08,4777,4898.66,61054.25417,
2019-4-5 8:00:00,4898.64,5028.22,4880.62,5004.95,39768.55281,
2019-4-6 8:00:00,5004.96,5205,4928.59,5043.89,41770.84231,
2019-4-7 8:00:00,5042.07,5234,5026,5170.27,37615.4868,
2019-4-8 8:00:00,5170.27,5305,5039,5236.9,50178.43078,
2019-4-9 8:00:00,5238.38,5238.4,5076.68,5150,34067.01231,
2019-4-10 8:00:00,5150,5422,5135,5308.25,40073.62047,
2019-4-11 8:00:00,5307.86,5332.67,4927,5017.37,54696.60069,
2019-4-12 8:00:00,5017.37,5080.58,4861.22,5048.01,33276.67861,
2019-4-13 8:00:00,5047,5099,5004,5045.22,17292.4568,
2019-4-14 8:00:00,5047.45,5152.99,5000,5131.3,18281.60774,
2019-4-15 8:00:00,5131.28,5167.38,4950,5024.95,29057.19158,
2019-4-16 8:00:00,5024.95,5197.72,5003.94,5173.72,24242.22949,
2019-4-17 8:00:00,5173.72,5230.4,5146.8,5202.82,23307.53613,
2019-4-18 8:00:00,5202.41,5287,5198.8,5258.44,22619.239,
2019-4-19 8:00:00,5258.44,5320,5175,5258.68,24611.23632,
2019-4-20 8:00:00,5258.68,5333.42,5230.1,5291.73,19168.90827,
2019-4-21 8:00:00,5292.91,5314.35,5165,5256.14,25549.57094,
2019-4-22 8:00:00,5257.41,5400,5208.35,5357.14,29563.85231,
2019-4-23 8:00:00,5357.14,5600,5332.41,5493.31,41262.10392,
2019-4-24 8:00:00,5490.91,5582.2,5333.35,5415,48224.15241,
2019-4-25 8:00:00,5415,5491.84,5102,5219.9,49636.08995,
2019-4-26 8:00:00,5220.47,5510,5161.62,5314.1,48912.29451,
2019-4-27 8:00:00,5315,5342.5,5257.67,5295.69,15422.89693,
2019-4-28 8:00:00,5295.69,5340,5259.48,5307.52,14371.43387,
2019-4-29 8:00:00,5309.81,5332,5178.8,5238.14,19918.13508,
2019-4-30 8:00:00,5238.14,5339.98,5192.15,5320.81,22238.06823,
2019-5-1 8:00:00,5321.94,5402,5316.2,5383.2,17217.47322,
2019-5-2 8:00:00,5383.2,5538,5370,5492.87,22795.78784,
2019-5-3 8:00:00,5494.81,5844,5477.57,5772.69,46297.17285,
2019-5-4 8:00:00,5770.62,5900,5587.45,5829.45,39682.40899,
2019-5-5 8:00:00,5829.83,5839.9,5696,5775.62,23822.54378,
2019-5-6 8:00:00,5773.18,5805,5619.14,5747.79,25256.59633,
2019-5-7 8:00:00,5749.92,6028.41,5747.74,5846.34,39905.06442,
2019-5-8 8:00:00,5846.34,6014.72,5772.2,5987.29,23074.05152,
2019-5-9 8:00:00,5986.66,6224.55,5983.71,6209.18,27453.01144,
2019-5-10 8:00:00,6209.95,6468.92,6172,6373.33,36623.61079,
2019-5-11 8:00:00,6375.16,7343.99,6372.85,7076.22,74022.42439,
2019-5-12 8:00:00,7076.24,7521.78,6750,6967.31,86948.97534,
2019-5-13 8:00:00,6968.24,8100,6870,7790.71,85804.73533,
2019-5-14 8:00:00,7795.62,8366,7599.56,7947.56,76583.7226,
2019-5-15 8:00:00,7945.26,8249,7850,8169.87,37884.32721,
2019-5-16 8:00:00,8169.08,8320,7705,7866.59,69630.514,
2019-5-17 8:00:00,7868.67,7925,6913,7355.26,88752.00816,
2019-5-18 8:00:00,7355.28,7458,7156.61,7257.45,37054.94478,
2019-5-19 8:00:00,7257.32,8275.09,7243.08,8148.48,65577.44206,
2019-5-20 8:00:00,8147.94,8156.03,7553,7938.15,65859.20856,
2019-5-21 8:00:00,7937.16,8042.32,7771,7904.87,52301.75225,
2019-5-22 8:00:00,7904.48,8016,7465,7628.43,49136.99459,
2019-5-23 8:00:00,7627.8,7940.98,7461,7851.51,49648.1847,
2019-5-24 8:00:00,7849.95,8130,7766,7964.87,46664.78533,
2019-5-25 8:00:00,7964.52,8091.8,7908.34,8025.41,28414.32882,
2019-5-26 8:00:00,8023,8740,7833.42,8614.43,49652.14457,
2019-5-27 8:00:00,8612.54,8908.32,8589,8756.32,51886.76879,
2019-5-28 8:00:00,8752.52,8798.49,8510.63,8715.64,31470.55153,
2019-5-29 8:00:00,8716.87,8750,8406.6,8645.68,33880.86592,
2019-5-30 8:00:00,8646.5,9074.26,8005,8269.54,70379.99852,
2019-5-31 8:00:00,8267.1,8594,8108.5,8555,44727.49162,
2019-6-1 8:00:00,8555,8626,8442.36,8544.07,31868.23416,
2019-6-2 8:00:00,8545.1,8814.78,8524,8725.98,27835.13326,
2019-6-3 8:00:00,8726,8800.95,8080.8,8115.82,45692.9651,
2019-6-4 8:00:00,8115.66,8115.66,7481.02,7687.03,74143.94894,
2019-6-5 8:00:00,7687.04,7896.7,7572.78,7776.5,48679.65646,
2019-6-6 8:00:00,7778.08,7868.13,7444.58,7786.7,36624.11875,
2019-6-7 8:00:00,7787.57,8100,7737.49,7980.53,33942.22566,
2019-6-8 8:00:00,7978.94,8044.65,7751,7893.62,22657.32963,
2019-6-9 8:00:00,7895.28,7935,7506.66,7628.13,31568.46516,
2019-6-10 8:00:00,7627.57,8020,7511,7982.75,36756.07847,
2019-6-11 8:00:00,7981,8010,7692.23,7884.9,30334.99943,
2019-6-12 8:00:00,7884.9,8200,7788.99,8127.64,41597.08262,
2019-6-13 8:00:00,8127.64,8309.82,8010.03,8218.54,30467.76434,
2019-6-14 8:00:00,8216.44,8684.41,8144.32,8650,39835.24626,
2019-6-15 8:00:00,8650.88,8864.99,8567.63,8808.7,31791.63604,
2019-6-16 8:00:00,8810.77,9333,8760,8953.33,63289.25122,
2019-6-17 8:00:00,8953,9444,8950,9313.96,47895.48537,
2019-6-18 8:00:00,9312.13,9336.36,8950,9081.55,51554.5694,
2019-6-19 8:00:00,9081.97,9304,8960,9255.49,32147.7065,
2019-6-20 8:00:00,9253.76,9590,9175.2,9517.12,34556.05398,
2019-6-21 8:00:00,9518.06,10174.99,9518.06,10159.86,50484.41589,
2019-6-22 8:00:00,10159.86,11160,9921.72,10729.5,104169.448,
2019-6-23 8:00:00,10729,11392.64,10555.18,10906.07,57445.32395,
2019-6-24 8:00:00,10905.95,11143.63,10620.8,11056.59,43101.04529,
2019-6-25 8:00:00,11056.59,11850,11026,11820.86,61276.68665,
2019-6-26 8:00:00,11821.28,13970,11741,13093.8,155930.1474,
2019-6-27 8:00:00,13098.38,13478.04,10525.1,11329.99,173894.8209,
2019-6-28 8:00:00,11329.99,12480,10982.88,12400.63,95795.20396,
2019-6-29 8:00:00,12407.06,12441.54,11475.02,11903.13,69642.07416,
2019-6-30 8:00:00,11903.13,12180,10766.03,10854.1,84512.53044,
2019-7-1 8:00:00,10854.1,11282.28,10030,10624.93,90962.26827,
2019-7-2 8:00:00,10624.9,10938.75,9727,10842.85,109561.0387,
2019-7-3 8:00:00,10844.98,11991.89,10841.04,11940,96815.90029,
2019-7-4 8:00:00,11940,12000,11055,11145.67,66512.22189,
2019-7-5 8:00:00,11145.67,11406.83,10796.44,10970.73,63534.35058,
2019-7-6 8:00:00,10982.41,11665,10964.51,11256.49,51469.49633,
2019-7-7 8:00:00,11256.45,11538,11094.37,11406.24,38884.7956,
2019-7-8 8:00:00,11410,12338.03,11220,12238.6,52182.36722,
2019-7-9 8:00:00,12238.6,12794.73,12068,12543.41,78442.13034,
2019-7-10 8:00:00,12548.51,13147.08,11569,12108.37,109246.045,
2019-7-11 8:00:00,12108.11,12111.73,11000,11342.89,87506.46106,
2019-7-12 8:00:00,11342.88,11885,11073,11757.22,56321.85828,
2019-7-13 8:00:00,11757.22,11799.98,10830,11355.76,54245.59455,
2019-7-14 8:00:00,11355.78,11452,10103,10174.18,72517.57924,
2019-7-15 8:00:00,10174.18,11100,9860,10838.72,81922.42633,
2019-7-16 8:00:00,10833.78,11028,9350.01,9439.59,97219.44341,
2019-7-17 8:00:00,9430.17,9957,9060,9667.92,84942.67272,
2019-7-18 8:00:00,9668.86,10788,9252,10627.16,80283.31025,
2019-7-19 8:00:00,10628.64,10769.71,10121.84,10504.29,56546.93213,
2019-7-20 8:00:00,10505.78,11068.99,10350,10740.23,47331.89985,
2019-7-21 8:00:00,10740.27,10817.9,10288,10589.45,38834.28794,
2019-7-22 8:00:00,10590.15,10683.16,10100,10340.31,40467.95484,
2019-7-23 8:00:00,10343.08,10343.97,9822,9864.91,47624.37071,
2019-7-24 8:00:00,9864.78,9937,9525,9763.28,43475.38038,
2019-7-25 8:00:00,9763.4,10175,9720.03,9879.87,37873.35473,
2019-7-26 8:00:00,9882.15,9889.98,9637,9824,27167.46322,
2019-7-27 8:00:00,9824,10188.66,9333,9476.52,43809.7783,
2019-7-28 8:00:00,9478.92,9594.99,9165,9541.54,29401.02294,
2019-7-29 8:00:00,9541.54,9729,9395,9507.64,29021.93741,
2019-7-30 8:00:00,9509.07,9714.28,9402,9574.21,32536.36883,
2019-7-31 8:00:00,9575,10109.8,9555,10080.53,39515.35456,
2019-8-1 8:00:00,10080.53,10467.86,9863.46,10374.99,41727.63703,
2019-8-2 8:00:00,10375,10670,10281.35,10523.75,42990.44422,
2019-8-3 8:00:00,10523.75,10904.77,10497.93,10816.86,33802.31882,
2019-8-4 8:00:00,10816.86,11040,10552,10929.23,39924.74514,
2019-8-5 8:00:00,10929.99,11937.52,10927.8,11828.8,65153.67371,
2019-8-6 8:00:00,11830,12330.7,11226.7,11481.69,76705.38988,
2019-8-7 8:00:00,11481.69,12141.17,11382.84,11975.03,69173.39035,
2019-8-8 8:00:00,11975.04,12060,11521,11999.77,51207.25717,
2019-8-9 8:00:00,11994.17,12045.68,11700,11879.99,39427.15259,
2019-8-10 8:00:00,11879.98,11985,11270,11309.31,42633.08705,
2019-8-11 8:00:00,11309.24,11600,11112.11,11549.97,26772.90691,
2019-8-12 8:00:00,11539.08,11577.89,11235.32,11396.08,17568.22708,
2019-8-13 8:00:00,11398.35,11456.16,10788.45,10892.71,33234.72968,
2019-8-14 8:00:00,10893.36,10897.48,9928.1,10050.37,54451.8475,
2019-8-15 8:00:00,10055.16,10460,9911,10293.93,38174.45112,
2019-8-16 8:00:00,10296.77,10536.03,9750,10331.54,51758.14292,
2019-8-17 8:00:00,10331.15,10465.14,10000,10216.02,29000.5812,
2019-8-18 8:00:00,10216.05,10500,10080,10306.78,24085.39517,
2019-8-19 8:00:00,10306.17,10930,10258.6,10915.54,37243.31922,
2019-8-20 8:00:00,10914.73,10949.96,10560,10760.51,32298.92168,
2019-8-21 8:00:00,10760.51,10804.13,9858,10142.57,47355.71928,
2019-8-22 8:00:00,10140.82,10242,9762,10099.88,34059.64274,
2019-8-23 8:00:00,10099.9,10445,10019.79,10389.55,27550.33617,
2019-8-24 8:00:00,10388.16,10419.42,9890,10134.35,27692.45684,
2019-8-25 8:00:00,10134.61,10333,9906.97,10142.69,26271.6574,
2019-8-26 8:00:00,10142.69,10604,10137.93,10372.25,41687.5116,
2019-8-27 8:00:00,10373.6,10391.08,10051.08,10185.05,28402.77538,
2019-8-28 8:00:00,10185.69,10299,9601.01,9721,42110.55538,
2019-8-29 8:00:00,9721,9724,9320,9498.44,35532.69491,
2019-8-30 8:00:00,9499.01,9696,9350.41,9584.54,26834.3181,
2019-8-31 8:00:00,9582.76,9684.51,9420.75,9587.47,17130.29007,
2019-9-1 8:00:00,9588.74,9830,9520,9724.98,19545.40484,
2019-9-2 8:00:00,9723.59,10450,9712.5,10340,44740.24809,
2019-9-3 8:00:00,10340,10773,10272,10615.28,47998.37678,
2019-9-4 8:00:00,10611.85,10799,10369.89,10567.02,43943.88903,
2019-9-5 8:00:00,10565.92,10900,10450,10564.49,33970.96064,
2019-9-6 8:00:00,10563.13,10905.87,10150,10298.73,58799.64096,
2019-9-7 8:00:00,10298.71,10558,10288.57,10455.88,27637.87739,
2019-9-8 8:00:00,10455.9,10592.5,10208,10381.18,23984.67202,
2019-9-9 8:00:00,10381.24,10480,10068.5,10303.12,39835.72761,
2019-9-10 8:00:00,10302.58,10384.99,9953,10098.15,28915.41223,
2019-9-11 8:00:00,10098.19,10293,9880,10158.33,31953.82456,
2019-9-12 8:00:00,10158.75,10448.81,10040,10415.01,34511.16276,
2019-9-13 8:00:00,10415.01,10439,10153,10342.06,30280.33978,
2019-9-14 8:00:00,10344.13,10419.99,10222.33,10335.02,23621.53352,
2019-9-15 8:00:00,10332.81,10360,10252.15,10302.01,18047.65401,
2019-9-16 8:00:00,10303.34,10355,10078,10251.31,28971.40166,
2019-9-17 8:00:00,10249.68,10275,10128.01,10187.82,22914.32456,
2019-9-18 8:00:00,10187.48,10258.02,10100,10156.99,24250.2493,
2019-9-19 8:00:00,10156.41,10325,9653,10244.29,44826.28258,
2019-9-20 8:00:00,10243.7,10281,10061.39,10168.59,25088.49107,
2019-9-21 8:00:00,10167.92,10176.7,9900,9986.39,20544.1752,
2019-9-22 8:00:00,9985.15,10089,9853.97,10028.87,22049.27526,
2019-9-23 8:00:00,10028.05,10049.99,9615.77,9702.25,31937.23236,
2019-9-24 8:00:00,9702.2,9794.99,7800,8493.14,94007.3452,
2019-9-25 8:00:00,8497.55,8730,8215.64,8430.05,60783.89226,
2019-9-26 8:00:00,8430.05,8465.99,7750,8063.73,67930.85375,
2019-9-27 8:00:00,8063.49,8265,7852.15,8177.91,43882.92463,
2019-9-28 8:00:00,8177.47,8315,8001.09,8198.81,34473.60517,
2019-9-29 8:00:00,8199.38,8229.13,7890,8043.82,31544.21139,
2019-9-30 8:00:00,8043.04,8337.26,7710,8289.34,55865.48726,
2019-10-1 8:00:00,8289.97,8500,8173.05,8292.44,43472.41809,
2019-10-2 8:00:00,8292.67,8373.91,8151.22,8359.94,26243.38664,
2019-10-3 8:00:00,8360,8393,8060,8223.96,30488.28406,
2019-10-4 8:00:00,8224.43,8232.41,8005,8137.13,26476.3304,
2019-10-5 8:00:00,8137.09,8183.41,8012.98,8126.19,21907.61556,
2019-10-6 8:00:00,8127.55,8153.87,7785,7854.25,34676.10405,
2019-10-7 8:00:00,7855.3,8299.92,7762,8190.09,52202.0723,
2019-10-8 8:00:00,8190.82,8325,8088.75,8168.39,35452.65742,
2019-10-9 8:00:00,8170.79,8670,8115,8560.74,55038.70438,
2019-10-10 8:00:00,8562.15,8644,8414.52,8558.03,39137.94617,
2019-10-11 8:00:00,8557.82,8779.51,8212.38,8258.5,50405.28442,
2019-10-12 8:00:00,8257.95,8400,8250,8300.09,21339.3341,
2019-10-13 8:00:00,8301.98,8451.37,8160,8275.01,27840.73995,
2019-10-14 8:00:00,8275.24,8388.85,8203,8348.2,29810.66325,
2019-10-15 8:00:00,8346.86,8403,8090,8159.29,32773.06248,
2019-10-16 8:00:00,8159.3,8181.16,7917,7991.74,34733.59397,
2019-10-17 8:00:00,7995.02,8124.92,7929.03,8070.58,29656.94916,
2019-10-18 8:00:00,8070.71,8115,7816.01,7947.01,31353.18142,
2019-10-19 8:00:00,7946.89,8098.1,7866.92,7948.01,26627.88939,
2019-10-20 8:00:00,7949.87,8297,7870,8223.35,34286.45265,
2019-10-21 8:00:00,8223.35,8333,8142.03,8197.27,30448.67954,
2019-10-22 8:00:00,8197.28,8297.99,8000,8020,34651.82866,
2019-10-23 8:00:00,8020.06,8047.59,7300,7466.62,63897.4571,
2019-10-24 8:00:00,7468.47,7503.68,7337.99,7412.41,32714.38326,
2019-10-25 8:00:00,7412.41,8799,7361,8655.02,90748.21817,
2019-10-26 8:00:00,8655.88,10370,8470.38,9230,162588.5854,
2019-10-27 8:00:00,9230,9794.98,9074.34,9529.93,93833.5416,
2019-10-28 8:00:00,9528.23,9902.1,9160,9205.14,80174.21732,
2019-10-29 8:00:00,9204.45,9550,9072,9407.62,64158.46245,
2019-10-30 8:00:00,9407.62,9409.84,9001.01,9154.72,55241.78643,
2019-10-31 8:00:00,9154.02,9405,8913,9140.85,54376.0249,
2019-11-1 8:00:00,9140.86,9279,9030,9231.61,43594.81412,
2019-11-2 8:00:00,9231.4,9373.74,9186.21,9289.52,28923.06083,
2019-11-3 8:00:00,9289.85,9362.57,9066.14,9194.71,27894.37828,
2019-11-4 8:00:00,9196.46,9513.68,9115.84,9393.35,45894.45628,
2019-11-5 8:00:00,9392.4,9454.95,9175.76,9308.66,45935.87367,
2019-11-6 8:00:00,9307.73,9440.91,9250.01,9339.05,37336.17037,
2019-11-7 8:00:00,9339.16,9375,9101,9216.2,39117.47085,
2019-11-8 8:00:00,9214,9261,8696,8773.73,62107.28924,
2019-11-9 8:00:00,8773.74,8880,8724.88,8809.41,29469.48141,
2019-11-10 8:00:00,8809.18,9147.19,8750,9039.47,34422.0298,
2019-11-11 8:00:00,9040.16,9072.32,8618.68,8733.27,44888.05354,
2019-11-12 8:00:00,8733.36,8888,8567.6,8821.94,40366.62947,
2019-11-13 8:00:00,8821.91,8844.99,8702,8777.12,26810.11692,
2019-11-14 8:00:00,8777.54,8800,8582.6,8646.68,33468.46896,
2019-11-15 8:00:00,8646.38,8790,8400,8471.73,46087.41775,
2019-11-16 8:00:00,8471.62,8543,8400,8491.02,20902.29975,
2019-11-17 8:00:00,8490.74,8635,8350.68,8502.4,27009.03708,
2019-11-18 8:00:00,8502.87,8503.52,8060,8187.17,43017.69094,
2019-11-19 8:00:00,8186.5,8218.63,8003,8133.64,43556.06103,
2019-11-20 8:00:00,8133.83,8264.29,8038.4,8098.01,32466.23098,
2019-11-21 8:00:00,8098.56,8134.73,7500,7627.74,58418.78026,
2019-11-22 8:00:00,7627.79,7750,6790,7268.23,126603.1403,
2019-11-23 8:00:00,7268.23,7344.48,7080.01,7311.57,50449.89476,
2019-11-24 8:00:00,7311.1,7330.39,6861,6903.28,67890.20648,
2019-11-25 8:00:00,6900.23,7377.69,6515,7109.57,119645.7352,
2019-11-26 8:00:00,7109.99,7340,7017.48,7156.14,65722.39769,
2019-11-27 8:00:00,7154.75,7655,6840,7508.52,92452.87349,
2019-11-28 8:00:00,7507.9,7643,7360,7419.49,56933.98111,
2019-11-29 8:00:00,7418.52,7850,7362.3,7739.68,60745.30087,
2019-11-30 8:00:00,7740.99,7810,7441,7541.89,46989.43362,
2019-12-1 8:00:00,7540.63,7541.85,7210,7390.89,60769.34231,
2019-12-2 8:00:00,7391.5,7420.56,7151.1,7294.28,46330.25604,
2019-12-3 8:00:00,7294.42,7400,7241.35,7292.71,33149.47749,
2019-12-4 8:00:00,7292.71,7750,7067,7194.32,83147.14914,
2019-12-5 8:00:00,7194.59,7485,7150,7389,59306.67886,
2019-12-6 8:00:00,7389,7590.03,7305,7527.47,48189.08794,
2019-12-7 8:00:00,7527.8,7619.62,7470.16,7488.21,31498.68417,
2019-12-8 8:00:00,7487.31,7564,7374.86,7510.11,29856.89763,
2019-12-9 8:00:00,7510.11,7650,7273,7338.64,46621.88749,
2019-12-10 8:00:00,7338.64,7407.6,7157.1,7224.13,49723.76214,
2019-12-11 8:00:00,7224.15,7275.5,7125.66,7210,30093.09194,
2019-12-12 8:00:00,7210,7295,7080.3,7198.08,42288.60093,
2019-12-13 8:00:00,7197.76,7309.05,7190.76,7258.48,27609.8738,
2019-12-14 8:00:00,7257.37,7271.77,7012,7064.05,29561.98597,
2019-12-15 8:00:00,7064.14,7200.3,7008.35,7118.59,26395.77814,
2019-12-16 8:00:00,7119.6,7150,6836,6891.72,43863.99306,
2019-12-17 8:00:00,6891.44,6942.21,6560,6623.82,53865.06993,
2019-12-18 8:00:00,6623.84,7440,6435,7277.83,95636.65125,
2019-12-19 8:00:00,7277.83,7380,7038.31,7150.3,55509.04908,
2019-12-20 8:00:00,7151.31,7220,7079.5,7187.83,32132.06921,
2019-12-21 8:00:00,7188.01,7190.58,7105,7132.75,19467.17403,
2019-12-22 8:00:00,7131.59,7518.54,7122.47,7501.44,39137.45515,
2019-12-23 8:00:00,7500.71,7695.38,7265.84,7317.09,68051.9972,
2019-12-24 8:00:00,7317.3,7436.68,7157.04,7255.77,43629.49419,
2019-12-25 8:00:00,7255.77,7271.77,7128.86,7204.63,27492.04432,
2019-12-26 8:00:00,7205.01,7435,7157.12,7202,36259.76108,
2019-12-27 8:00:00,7202,7275.86,7076.42,7254.74,33642.70186,
2019-12-28 8:00:00,7254.77,7365.01,7238.67,7316.14,26848.9822,
2019-12-29 8:00:00,7315.36,7528.45,7288,7388.24,31387.10609,
2019-12-30 8:00:00,7388.43,7408.24,7220,7246,29605.91178,
2019-12-31 8:00:00,7246,7320,7145.01,7195.23,25954.45353,
2020-1-1 8:00:00,7195.24,7255,7175.15,7200.85,16792.38817,
2020-1-2 8:00:00,7200.77,7212.5,6924.74,6965.71,31951.48393,
2020-1-3 8:00:00,6965.49,7405,6871.04,7344.96,68428.50045,
2020-1-4 8:00:00,7345,7404,7272.21,7354.11,29987.97498,
2020-1-5 8:00:00,7354.19,7495,7318,7358.75,38331.0856,
2020-1-6 8:00:00,7357.64,7795.34,7346.76,7758,54635.69532,
2020-1-7 8:00:00,7758.9,8207.68,7723.71,8145.28,91171.68466,
2020-1-8 8:00:00,8145.92,8455,7870,8055.98,112622.6426,
2020-1-9 8:00:00,8054.72,8055.96,7750,7817.76,64239.51983,
2020-1-10 8:00:00,7817.74,8199,7672,8197.02,82406.77745,
2020-1-11 8:00:00,8198.86,8286.34,8003.16,8020.01,54810.03267,
2020-1-12 8:00:00,8020.01,8197,7960,8184.98,38131.49434,
2020-1-13 8:00:00,8184.97,8196,8055.89,8110.34,31159.75568,
2020-1-14 8:00:00,8110.34,8880,8105.54,8810.01,120399.1267,
2020-1-15 8:00:00,8814.64,8916.48,8564,8821.41,84816.29761,
2020-1-16 8:00:00,8820.01,8859.81,8586,8720.01,51991.07428,
2020-1-17 8:00:00,8720.15,9041.65,8672.44,8913.28,70897.73738,
2020-1-18 8:00:00,8913.27,8988.88,8806.38,8915.96,38294.74655,
2020-1-19 8:00:00,8915.09,9198.98,8466,8701.7,70676.88926,
2020-1-20 8:00:00,8701.72,8746.99,8521.28,8642.35,38896.63975,
2020-1-21 8:00:00,8642.35,8789,8488,8736.03,36494.68766,
2020-1-22 8:00:00,8736.04,8818,8590,8682.36,29080.55714,
2020-1-23 8:00:00,8682.77,8691.81,8306.39,8404.52,48165.9446,
2020-1-24 8:00:00,8404.52,8528.02,8238,8439,41687.52953,
2020-1-25 8:00:00,8438.99,8451.26,8254.9,8340.58,25521.15793,
2020-1-26 8:00:00,8340.01,8618.13,8293.66,8615,31130.48516,
2020-1-27 8:00:00,8614.39,9000,8535,8907.57,53973.543,
2020-1-28 8:00:00,8907.57,9400,8862.4,9374.21,74584.85376,
2020-1-29 8:00:00,9375.34,9449.24,9216,9301.53,53864.06512,
2020-1-30 8:00:00,9301.57,9578,9204.44,9513.21,60626.74426,
2020-1-31 8:00:00,9511.52,9530.22,9210.01,9352.89,45552.02235,
2020-2-1 8:00:00,9351.71,9464.53,9281,9384.61,28578.06735,
2020-2-2 8:00:00,9384.41,9477.03,9120,9331.51,45690.91254,
2020-2-3 8:00:00,9331.59,9618.79,9234,9292.24,50892.13345,
2020-2-4 8:00:00,9291.35,9350,9093.01,9197.02,53308.17527,
2020-2-5 8:00:00,9197.02,9744.45,9177.22,9612.04,64870.41562,
2020-2-6 8:00:00,9612.03,9862.57,9526.35,9772,64949.70659,
2020-2-7 8:00:00,9772,9885,9730,9813.73,43966.11463,
2020-2-8 8:00:00,9813.87,9940,9667.11,9895.05,43600.84367,
2020-2-9 8:00:00,9895.04,10166,9880.75,10151.75,43408.47562,
2020-2-10 8:00:00,10151.72,10188,9756,9851.83,59573.08462,
2020-2-11 8:00:00,9851.74,10323.59,9700,10223.08,62422.39522,
2020-2-12 8:00:00,10223.08,10450,10223.08,10326.46,61008.06393,
2020-2-13 8:00:00,10325.33,10500,10080,10229.63,79344.35876,
2020-2-14 8:00:00,10227.78,10381.56,10111.37,10344.36,47038.48017,
2020-2-15 8:00:00,10344.36,10375,9801,9904.72,57657.20295,
2020-2-16 8:00:00,9904.46,10050,9638.12,9917.27,60023.99954,
2020-2-17 8:00:00,9910.7,9964.16,9452.67,9706,70261.0119,
2020-2-18 8:00:00,9706,10250,9576.01,10164.71,70604.12402,
2020-2-19 8:00:00,10164.78,10250,9350,9593.79,55162.5869,
2020-2-20 8:00:00,9594.65,9699,9400,9596.42,60152.34291,
2020-2-21 8:00:00,9597.21,9755.51,9550.21,9677.05,42181.55452,
2020-2-22 8:00:00,9677.05,9709.17,9560.02,9650.86,24636.75762,
2020-2-23 8:00:00,9650.85,9990,9645,9936.4,37702.08984,
2020-2-24 8:00:00,9936.4,9990,9473.56,9656.13,55796.59612,
2020-2-25 8:00:00,9655.52,9675,9250,9315.84,54379.34455,
2020-2-26 8:00:00,9316.48,9377.44,8633.63,8785.25,92130.34548,
2020-2-27 8:00:00,8786,8971.77,8531,8823.21,72483.57876,
2020-2-28 8:00:00,8823.25,8900,8445,8692.91,71155.20898,
2020-2-29 8:00:00,8690.8,8790,8656,8712.95,9905.660142,
